{"cameraMode":{"drawMode":0,"name":"Shaded","section":"Shading Mode"},"sceneLighting":true,"audioPlay":false,"sceneViewState":{"m_AlwaysRefresh":false,"showFog":true,"showSkybox":true,"showFlares":true,"showImageEffects":true,"showParticleSystems":true,"showVisualEffectGraphs":true,"m_FxEnabled":true},"in2DMode":false,"pivot":{"x":-0.07641006261110306,"y":1.348442792892456,"z":-60.71287536621094},"rotation":{"x":-0.0497891940176487,"y":0.0005991970538161695,"z":0.0000014599158930650447,"w":-0.9987732768058777},"size":6.454852104187012,"orthographic":false}