{"cameraMode":{"drawMode":0,"name":"Shaded","section":"Shading Mode"},"sceneLighting":true,"audioPlay":false,"sceneViewState":{"m_AlwaysRefresh":false,"showFog":true,"showSkybox":true,"showFlares":true,"showImageEffects":true,"showParticleSystems":true,"showVisualEffectGraphs":true,"m_FxEnabled":true},"in2DMode":false,"pivot":{"x":97.7037582397461,"y":294.25927734375,"z":6.3757476806640629},"rotation":{"x":0.028187202289700509,"y":0.0035993941128253938,"z":0.00013997555652167648,"w":-0.9996325969696045},"size":94.31800079345703,"orthographic":false}